andean,n,sndem_unbenchmarked,sndem_final_benchmarked
Andean,629,0.4277399260321985,-0.11842984153333391
Non-Andean,496,0.32613689217544806,-0.023798704709076364
